signatureID	PROBE	ID_geneid	Name_GeneSymbol	Value_LogDiffExp	Significance_pvalue
LINCSCP_47443	NA	1019	CDK4	-9.8782	0
LINCSCP_47443	NA	2778	GNAS	-9.8781	0
LINCSCP_47443	NA	23076	RRP1B	-9.8597	0
LINCSCP_47443	NA	7398	USP1	-9.8581	0
LINCSCP_47443	NA	291	SLC25A4	-9.8568	0
LINCSCP_47443	NA	10797	MTHFD2	-9.7375	0
LINCSCP_47443	NA	9019	MPZL1	-9.8543	0
LINCSCP_47443	NA	9128	PRPF4	-9.534	0
LINCSCP_47443	NA	1738	DLD	-9.846	0
LINCSCP_47443	NA	11004	KIF2C	-9.8451	0
LINCSCP_47443	NA	533	ATP6V0B	-8.9929	0
LINCSCP_47443	NA	7153	TOP2A	-9.5525	0
LINCSCP_47443	NA	10776	ARPP19	-9.1131	0
LINCSCP_47443	NA	55324	ABCF3	-7.8999	0
LINCSCP_47443	NA	93487	MAPK1IP1L	-9.1716	0
LINCSCP_47443	NA	6284	S100A13	-8.7803	0
LINCSCP_47443	NA	9943	OXSR1	-7.2151	0
LINCSCP_47443	NA	7485	WRB	-7.23	0
LINCSCP_47443	NA	5110	PCMT1	-7.7558	0
LINCSCP_47443	NA	1429	CRYZ	-6.6488	0
LINCSCP_47443	NA	50810	HDGFRP3	-8.2751	0
LINCSCP_47443	NA	29082	CHMP4A	-7.2823	0
LINCSCP_47443	NA	9801	MRPL19	-7.4827	1e-4
LINCSCP_47443	NA	1398	CRK	-6.5072	1e-4
LINCSCP_47443	NA	8204	NRIP1	-7.8167	1e-4
LINCSCP_47443	NA	3895	KTN1	-7.3807	1e-4
LINCSCP_47443	NA	8727	CTNNAL1	-6.0264	1e-4
LINCSCP_47443	NA	23530	NNT	-5.5913	1e-4
LINCSCP_47443	NA	23326	USP22	-8.7262	1e-4
LINCSCP_47443	NA	11325	DDX42	-6.4832	1e-4
LINCSCP_47443	NA	10606	PAICS	-5.6858	1e-4
LINCSCP_47443	NA	5440	POLR2K	-7.4477	1e-4
LINCSCP_47443	NA	54733	SLC35F2	-6.6396	1e-4
LINCSCP_47443	NA	10013	HDAC6	-6.2195	1e-4
LINCSCP_47443	NA	79600	TCTN1	6.1411	1e-4
LINCSCP_47443	NA	5898	RALA	-6.3114	1e-4
LINCSCP_47443	NA	30836	DNTTIP2	-5.7548	1e-4
LINCSCP_47443	NA	11014	KDELR2	-5.3285	1e-4
LINCSCP_47443	NA	6990	DYNLT3	-5.9146	1e-4
LINCSCP_47443	NA	91137	SLC25A46	-5.2072	1e-4
LINCSCP_47443	NA	896	CCND3	-6.1699	1e-4
LINCSCP_47443	NA	26520	TIMM9	-5.8626	1e-4
LINCSCP_47443	NA	8624	PSMG1	-6.3029	1e-4
LINCSCP_47443	NA	1666	DECR1	-5.2328	1e-4
LINCSCP_47443	NA	6812	STXBP1	-6.3425	1e-4
LINCSCP_47443	NA	3157	HMGCS1	-5.1791	1e-4
LINCSCP_47443	NA	7905	REEP5	-4.4085	1e-4
LINCSCP_47443	NA	1994	ELAVL1	4.86	1e-4
LINCSCP_47443	NA	124583	CANT1	-5.0147	1e-4
LINCSCP_47443	NA	6850	SYK	5.405	1e-4
LINCSCP_47443	NA	3337	DNAJB1	-7.7991	1e-4
LINCSCP_47443	NA	23636	NUP62	-6.6253	2e-4
LINCSCP_47443	NA	2064	ERBB2	-4.6736	2e-4
LINCSCP_47443	NA	54438	GFOD1	4.3427	2e-4
LINCSCP_47443	NA	23585	TMEM50A	-5.15	2e-4
LINCSCP_47443	NA	27109	ATP5S	-4.838	2e-4
LINCSCP_47443	NA	22887	FOXJ3	-4.8195	2e-4
LINCSCP_47443	NA	79921	TCEAL4	-6.8139	2e-4
LINCSCP_47443	NA	6697	SPR	-6.949	2e-4
LINCSCP_47443	NA	10765	KDM5B	4.9126	2e-4
LINCSCP_47443	NA	5357	PLS1	-4.8395	2e-4
LINCSCP_47443	NA	665	BNIP3L	-4.9604	2e-4
LINCSCP_47443	NA	55033	FKBP14	-4.4858	2e-4
LINCSCP_47443	NA	256364	EML3	4.2147	2e-4
LINCSCP_47443	NA	58478	ENOPH1	-6.7289	2e-4
LINCSCP_47443	NA	2264	FGFR4	4.1867	2e-4
LINCSCP_47443	NA	3693	ITGB5	-4.4245	2e-4
LINCSCP_47443	NA	10973	ASCC3	-6.0796	2e-4
LINCSCP_47443	NA	5607	MAP2K5	4.4842	2e-4
LINCSCP_47443	NA	64746	ACBD3	-5.5348	2e-4
LINCSCP_47443	NA	4836	NMT1	5.9363	2e-4
LINCSCP_47443	NA	8895	CPNE3	-4.735	2e-4
LINCSCP_47443	NA	7866	IFRD2	-4.9904	2e-4
LINCSCP_47443	NA	1153	CIRBP	-4.4764	2e-4
LINCSCP_47443	NA	9797	TATDN2	-4.2041	2e-4
LINCSCP_47443	NA	1643	DDB2	-4.637	2e-4
LINCSCP_47443	NA	7494	XBP1	-5.4541	2e-4
LINCSCP_47443	NA	2037	EPB41L2	-5.5264	3e-4
LINCSCP_47443	NA	55748	CNDP2	-5.1727	3e-4
LINCSCP_47443	NA	23325	KIAA1033	-5.2309	3e-4
LINCSCP_47443	NA	51026	GOLT1B	-6.0641	3e-4
LINCSCP_47443	NA	10559	SLC35A1	4.0186	3e-4
LINCSCP_47443	NA	8520	HAT1	-5.2554	3e-4
LINCSCP_47443	NA	3303	HSPA1A	-5.1105	3e-4
LINCSCP_47443	NA	7015	TERT	4.671	3e-4
LINCSCP_47443	NA	664	BNIP3	-6.4483	3e-4
LINCSCP_47443	NA	84890	ADO	-4.1038	3e-4
LINCSCP_47443	NA	51097	SCCPDH	-5.9173	3e-4
LINCSCP_47443	NA	5019	OXCT1	-6.1015	3e-4
LINCSCP_47443	NA	9276	COPB2	3.945	3e-4
LINCSCP_47443	NA	23300	ATMIN	-4.2655	3e-4
LINCSCP_47443	NA	5788	PTPRC	4.2741	3e-4
LINCSCP_47443	NA	840	CASP7	-4.0931	4e-4
LINCSCP_47443	NA	79090	TRAPPC6A	3.9114	4e-4
LINCSCP_47443	NA	10617	STAMBP	-3.7383	4e-4
LINCSCP_47443	NA	9641	IKBKE	4.3461	4e-4
LINCSCP_47443	NA	4482	MSRA	3.7753	4e-4
LINCSCP_47443	NA	10681	GNB5	4.0686	4e-4
LINCSCP_47443	NA	57406	ABHD6	4.5309	4e-4
LINCSCP_47443	NA	8731	RNMT	-4.2138	4e-4
LINCSCP_47443	NA	9917	FAM20B	3.8366	4e-4
LINCSCP_47443	NA	7874	USP7	-4.5623	4e-4
LINCSCP_47443	NA	7852	CXCR4	4.6363	4e-4
LINCSCP_47443	NA	79716	NPEPL1	3.8259	4e-4
LINCSCP_47443	NA	22934	RPIA	-3.6497	5e-4
LINCSCP_47443	NA	22794	CASC3	5.0996	5e-4
LINCSCP_47443	NA	6117	RPA1	-5.4785	5e-4
LINCSCP_47443	NA	200081	TXLNA	-3.8054	5e-4
LINCSCP_47443	NA	8446	DUSP11	3.9917	5e-4
LINCSCP_47443	NA	481	ATP1B1	3.4101	5e-4
LINCSCP_47443	NA	9697	TRAM2	4.435	5e-4
LINCSCP_47443	NA	29083	GTPBP8	-6.1466	5e-4
LINCSCP_47443	NA	642	BLMH	-5.3542	5e-4
LINCSCP_47443	NA	22908	SACM1L	-3.7528	5e-4
LINCSCP_47443	NA	1956	EGFR	-3.8643	5e-4
LINCSCP_47443	NA	2309	FOXO3	3.409	5e-4
LINCSCP_47443	NA	79170	PRR15L	3.4069	6e-4
LINCSCP_47443	NA	6919	TCEA2	3.6129	6e-4
LINCSCP_47443	NA	5108	PCM1	-3.5348	6e-4
LINCSCP_47443	NA	84722	PSRC1	3.6696	6e-4
LINCSCP_47443	NA	6622	SNCA	3.3802	6e-4
LINCSCP_47443	NA	4154	MBNL1	-3.5495	6e-4
LINCSCP_47443	NA	2042	EPHA3	3.3288	6e-4
LINCSCP_47443	NA	10969	EBNA1BP2	-7.7865	6e-4
LINCSCP_47443	NA	10434	LYPLA1	-3.64	6e-4
LINCSCP_47443	NA	8349	HIST2H2BE	3.5412	6e-4
LINCSCP_47443	NA	10775	POP4	3.3917	7e-4
LINCSCP_47443	NA	1633	DCK	-3.5788	7e-4
LINCSCP_47443	NA	2065	ERBB3	-3.6322	7e-4
LINCSCP_47443	NA	1514	CTSL	-3.4566	7e-4
LINCSCP_47443	NA	55699	IARS2	-3.5854	7e-4
LINCSCP_47443	NA	6500	SKP1	-3.2529	7e-4
LINCSCP_47443	NA	10051	SMC4	-3.3044	8e-4
LINCSCP_47443	NA	6909	TBX2	7.6535	8e-4
LINCSCP_47443	NA	5257	PHKB	3.1683	8e-4
LINCSCP_47443	NA	8440	NCK2	-5.3085	8e-4
LINCSCP_47443	NA	7168	TPM1	-3.3919	8e-4
LINCSCP_47443	NA	26128	KIF1BP	-4.3465	8e-4
LINCSCP_47443	NA	9918	NCAPD2	3.7507	8e-4
LINCSCP_47443	NA	1459	CSNK2A2	3.426	8e-4
LINCSCP_47443	NA	348	APOE	3.3876	8e-4
LINCSCP_47443	NA	10525	HYOU1	3.2029	8e-4
LINCSCP_47443	NA	7048	TGFBR2	-4.0976	8e-4
LINCSCP_47443	NA	9270	ITGB1BP1	-3.0592	8e-4
LINCSCP_47443	NA	11157	LSM6	-6.1094	9e-4
LINCSCP_47443	NA	65123	INTS3	-3.711	9e-4
LINCSCP_47443	NA	9854	C2CD2L	3.1838	9e-4
LINCSCP_47443	NA	2769	GNA15	3.2496	9e-4
LINCSCP_47443	NA	3300	DNAJB2	-3.3966	9e-4
LINCSCP_47443	NA	672	BRCA1	-3.0208	9e-4
LINCSCP_47443	NA	5899	RALB	3.7911	9e-4
LINCSCP_47443	NA	2017	CTTN	-3.4501	9e-4
LINCSCP_47443	NA	2920	CXCL2	-3.3992	0.001
LINCSCP_47443	NA	8503	PIK3R3	3.925	0.001
LINCSCP_47443	NA	976	ADGRE5	-3.6225	0.001
LINCSCP_47443	NA	54205	CYCS	-3.118	0.001
LINCSCP_47443	NA	5058	PAK1	3.13	0.001
LINCSCP_47443	NA	7982	ST7	3.092	0.001
LINCSCP_47443	NA	4794	NFKBIE	4.6456	0.001
LINCSCP_47443	NA	1052	CEBPD	3.1772	0.001
LINCSCP_47443	NA	3251	HPRT1	-3.0768	0.001
LINCSCP_47443	NA	5873	RAB27A	3.6494	0.001
LINCSCP_47443	NA	6464	SHC1	3.0915	0.0011
LINCSCP_47443	NA	79187	FSD1	3.6361	0.0011
LINCSCP_47443	NA	10123	ARL4C	3.1541	0.0011
LINCSCP_47443	NA	4851	NOTCH1	3.1622	0.0011
LINCSCP_47443	NA	9212	AURKB	4.256	0.0011
LINCSCP_47443	NA	55012	PPP2R3C	-3.3496	0.0011
LINCSCP_47443	NA	22889	KIAA0907	-3.2067	0.0011
LINCSCP_47443	NA	8869	ST3GAL5	3.9158	0.0011
LINCSCP_47443	NA	8508	NIPSNAP1	-3.1569	0.0011
LINCSCP_47443	NA	6616	SNAP25	3.495	0.0012
LINCSCP_47443	NA	5054	SERPINE1	-3.0821	0.0012
LINCSCP_47443	NA	6050	RNH1	2.8816	0.0012
LINCSCP_47443	NA	9688	NUP93	-3.4892	0.0012
LINCSCP_47443	NA	3566	IL4R	3.2847	0.0013
LINCSCP_47443	NA	5880	RAC2	2.8012	0.0013
LINCSCP_47443	NA	4208	MEF2C	2.9964	0.0013
LINCSCP_47443	NA	8318	CDC45	2.875	0.0013
LINCSCP_47443	NA	26292	MYCBP	-3.2496	0.0013
LINCSCP_47443	NA	2886	GRB7	2.8586	0.0013
LINCSCP_47443	NA	4016	LOXL1	-2.9291	0.0013
LINCSCP_47443	NA	55256	ADI1	-6.0801	0.0014
LINCSCP_47443	NA	2109	ETFB	-3.0983	0.0014
LINCSCP_47443	NA	4609	MYC	-7.3955	0.0014
LINCSCP_47443	NA	4783	NFIL3	-2.808	0.0014
LINCSCP_47443	NA	10146	G3BP1	-4.6235	0.0015
LINCSCP_47443	NA	3482	IGF2R	2.8689	0.0015
LINCSCP_47443	NA	23149	FCHO1	2.9546	0.0015
LINCSCP_47443	NA	22883	CLSTN1	2.7944	0.0015
LINCSCP_47443	NA	3315	HSPB1	4.5608	0.0015
LINCSCP_47443	NA	3206	HOXA10	-3.1983	0.0015
LINCSCP_47443	NA	1635	DCTD	3.6506	0.0015
LINCSCP_47443	NA	10206	TRIM13	3.1236	0.0016
LINCSCP_47443	NA	51005	AMDHD2	2.6886	0.0016
LINCSCP_47443	NA	5588	PRKCQ	2.792	0.0016
LINCSCP_47443	NA	10190	TXNDC9	-7.2827	0.0017
LINCSCP_47443	NA	6194	RPS6	2.6349	0.0017
LINCSCP_47443	NA	5467	PPARD	2.8995	0.0017
LINCSCP_47443	NA	10038	PARP2	-2.957	0.0017
LINCSCP_47443	NA	4776	NFATC4	3.7633	0.0017
LINCSCP_47443	NA	9246	UBE2L6	3.108	0.0018
LINCSCP_47443	NA	29916	SNX11	2.7525	0.0018
LINCSCP_47443	NA	10318	TNIP1	-2.9941	0.0018
LINCSCP_47443	NA	2263	FGFR2	2.7992	0.0018
LINCSCP_47443	NA	55011	PIH1D1	2.6252	0.0018
LINCSCP_47443	NA	727	C5	3.6476	0.0018
LINCSCP_47443	NA	5498	PPOX	2.6068	0.0019
LINCSCP_47443	NA	8914	TIMELESS	2.6005	0.0019
LINCSCP_47443	NA	2673	GFPT1	-2.9471	0.0019
LINCSCP_47443	NA	4331	MNAT1	-2.7517	0.0019
LINCSCP_47443	NA	6657	SOX2	2.9229	0.0019
LINCSCP_47443	NA	4775	NFATC3	2.4951	0.002
LINCSCP_47443	NA	80349	WDR61	-2.5195	0.002
LINCSCP_47443	NA	56940	DUSP22	2.8898	0.002
LINCSCP_47443	NA	51466	EVL	4.3637	0.002
LINCSCP_47443	NA	11182	SLC2A6	2.7628	0.002
LINCSCP_47443	NA	10668	CGRRF1	-3.5528	0.002
LINCSCP_47443	NA	1759	DNM1	2.5736	0.002
LINCSCP_47443	NA	1445	CSK	-2.7956	0.0021
LINCSCP_47443	NA	4313	MMP2	2.7163	0.0021
LINCSCP_47443	NA	5883	RAD9A	2.5408	0.0021
LINCSCP_47443	NA	392	ARHGAP1	4.0577	0.0022
LINCSCP_47443	NA	1026	CDKN1A	-2.6157	0.0022
LINCSCP_47443	NA	5048	PAFAH1B1	4.0297	0.0022
LINCSCP_47443	NA	7088	TLE1	-2.6655	0.0022
LINCSCP_47443	NA	310	ANXA7	-4.8096	0.0022
LINCSCP_47443	NA	9851	KIAA0753	2.6716	0.0022
LINCSCP_47443	NA	5331	PLCB3	2.4382	0.0023
LINCSCP_47443	NA	5792	PTPRF	2.587	0.0023
LINCSCP_47443	NA	79174	CRELD2	2.5393	0.0023
LINCSCP_47443	NA	3775	KCNK1	-2.6753	0.0023
LINCSCP_47443	NA	7376	NR1H2	3.7537	0.0024
LINCSCP_47443	NA	11319	ECD	-2.8054	0.0024
LINCSCP_47443	NA	8800	PEX11A	7.1079	0.0024
LINCSCP_47443	NA	51385	ZNF589	2.9002	0.0024
LINCSCP_47443	NA	53343	NUDT9	3.5392	0.0024
LINCSCP_47443	NA	5867	RAB4A	3.407	0.0025
LINCSCP_47443	NA	5373	PMM2	3.6199	0.0025
LINCSCP_47443	NA	10513	APPBP2	-4.7804	0.0025
LINCSCP_47443	NA	5423	POLB	4.5443	0.0025
LINCSCP_47443	NA	10491	CRTAP	-2.5562	0.0025
LINCSCP_47443	NA	9133	CCNB2	-3.1269	0.0025
LINCSCP_47443	NA	9517	SPTLC2	2.4442	0.0025
LINCSCP_47443	NA	3725	JUN	2.5733	0.0026
LINCSCP_47443	NA	80746	TSEN2	-3.2616	0.0026
LINCSCP_47443	NA	23335	WDR7	2.7156	0.0027
LINCSCP_47443	NA	1212	CLTB	2.6752	0.0027
LINCSCP_47443	NA	7158	TP53BP1	-2.9365	0.0027
LINCSCP_47443	NA	4850	CNOT4	2.9978	0.0027
LINCSCP_47443	NA	2956	MSH6	-2.5825	0.0027
LINCSCP_47443	NA	66008	TRAK2	-2.6549	0.0028
LINCSCP_47443	NA	10131	TRAP1	2.4275	0.0028
LINCSCP_47443	NA	5290	PIK3CA	2.3605	0.0028
LINCSCP_47443	NA	2887	GRB10	2.4436	0.0029
LINCSCP_47443	NA	1786	DNMT1	2.3523	0.0029
LINCSCP_47443	NA	7296	TXNRD1	-3.6579	0.0029
LINCSCP_47443	NA	64428	NARFL	2.6012	0.003
LINCSCP_47443	NA	8726	EED	-4.0317	0.0031
LINCSCP_47443	NA	843	CASP10	2.408	0.0031
LINCSCP_47443	NA	22796	COG2	3.1754	0.0031
LINCSCP_47443	NA	5971	RELB	2.3536	0.0031
LINCSCP_47443	NA	3988	LIPA	-2.4436	0.0032
LINCSCP_47443	NA	55604	LRRC16A	-2.6371000000000002	0.0032
LINCSCP_47443	NA	949	SCARB1	2.2443	0.0033
LINCSCP_47443	NA	23635	SSBP2	2.2832	0.0033
LINCSCP_47443	NA	27346	TMEM97	-2.3476	0.0033
LINCSCP_47443	NA	8573	CASK	2.4303	0.0033
LINCSCP_47443	NA	5580	PRKCD	-3.1645	0.0033
LINCSCP_47443	NA	375346	TMEM110	2.2561	0.0033
LINCSCP_47443	NA	55111	PLEKHJ1	3.4833	0.0033
LINCSCP_47443	NA	1891	ECH1	2.7571	0.0033
LINCSCP_47443	NA	10150	MBNL2	-2.5026	0.0033
LINCSCP_47443	NA	7849	PAX8	3.1536	0.0034
LINCSCP_47443	NA	1123	CHN1	3.6814	0.0034
LINCSCP_47443	NA	5993	RFX5	-2.4416	0.0035
LINCSCP_47443	NA	8312	AXIN1	2.5742	0.0035
LINCSCP_47443	NA	10962	MLLT11	-3.1617	0.0035
LINCSCP_47443	NA	9552	SPAG7	2.3806	0.0036
LINCSCP_47443	NA	4817	NIT1	2.7117	0.0036
LINCSCP_47443	NA	1983	EIF5	-6.8966	0.0036
LINCSCP_47443	NA	2958	GTF2A2	2.4125	0.0037
LINCSCP_47443	NA	10845	CLPX	-2.5721	0.0038
LINCSCP_47443	NA	28969	BZW2	-3.8594	0.0038
LINCSCP_47443	NA	55620	STAP2	2.1814	0.0038
LINCSCP_47443	NA	22841	RAB11FIP2	2.2049	0.0039
LINCSCP_47443	NA	7157	TP53	2.4721	0.0039
LINCSCP_47443	NA	10285	SMNDC1	-2.9471	0.004
LINCSCP_47443	NA	10174	SORBS3	-2.2965	0.004
LINCSCP_47443	NA	6915	TBXA2R	3.1062	0.004
LINCSCP_47443	NA	2048	EPHB2	2.5815	0.004
LINCSCP_47443	NA	1277	COL1A1	2.5572	0.0041
LINCSCP_47443	NA	10489	LRRC41	2.2083	0.0041
LINCSCP_47443	NA	142	PARP1	4.0977	0.0041
LINCSCP_47443	NA	5300	PIN1	-3.6908	0.0043
LINCSCP_47443	NA	6810	STX4	2.086	0.0043
LINCSCP_47443	NA	2690	GHR	-2.7717	0.0044
LINCSCP_47443	NA	2548	GAA	-2.1965	0.0044
LINCSCP_47443	NA	23321	TRIM2	2.2303	0.0044
LINCSCP_47443	NA	11044	PAPD7	2.2562	0.0044
LINCSCP_47443	NA	51422	PRKAG2	-2.1241	0.0044
LINCSCP_47443	NA	10810	WASF3	2.9274	0.0045
LINCSCP_47443	NA	23443	SLC35A3	-2.1437	0.0045
LINCSCP_47443	NA	23597	ACOT9	-4.4842	0.0045
LINCSCP_47443	NA	7020	TFAP2A	2.9735	0.0046
LINCSCP_47443	NA	1021	CDK6	-2.2247	0.0047
LINCSCP_47443	NA	5583	PRKCH	-2.641	0.0048
LINCSCP_47443	NA	57192	MCOLN1	6.7442	0.0048
LINCSCP_47443	NA	1981	EIF4G1	2.1873	0.0049
LINCSCP_47443	NA	11344	TWF2	2.0486	0.0049
LINCSCP_47443	NA	6832	SUPV3L1	2.229	0.0049
LINCSCP_47443	NA	5096	PCCB	2.2426	0.0049
LINCSCP_47443	NA	9488	PIGB	2.2054	0.005
LINCSCP_47443	NA	55179	FAIM	2.2689	0.005
LINCSCP_47443	NA	27242	TNFRSF21	3.5312	0.005
LINCSCP_47443	NA	572	BAD	-2.1818	0.0051
LINCSCP_47443	NA	23368	PPP1R13B	2.3794	0.0053
LINCSCP_47443	NA	25803	SPDEF	1.9941	0.0053
LINCSCP_47443	NA	10904	BLCAP	-2.2519	0.0053
LINCSCP_47443	NA	2852	GPER1	6.7024	0.0054
LINCSCP_47443	NA	4088	SMAD3	-3.1094	0.0054
LINCSCP_47443	NA	2185	PTK2B	3.0043	0.0054
LINCSCP_47443	NA	7165	TPD52L2	3.1584	0.0054
LINCSCP_47443	NA	670	BPHL	2.1904	0.0054
LINCSCP_47443	NA	5211	PFKL	2.5234	0.0055
LINCSCP_47443	NA	5566	PRKACA	2.0944	0.0056
LINCSCP_47443	NA	79143	MBOAT7	1.9707	0.0056
LINCSCP_47443	NA	4792	NFKBIA	2.4262	0.0056
LINCSCP_47443	NA	1465	CSRP1	-3.0434	0.0056
LINCSCP_47443	NA	11200	CHEK2	-2.8657	0.0056
LINCSCP_47443	NA	4931	NVL	2.3915	0.0057
LINCSCP_47443	NA	1500	CTNND1	2.2168	0.0057
LINCSCP_47443	NA	56889	TM9SF3	-2.1671	0.0057
LINCSCP_47443	NA	10059	DNM1L	-2.4318	0.0058
LINCSCP_47443	NA	5927	KDM5A	2.0416	0.0058
LINCSCP_47443	NA	7690	ZNF131	-3.3454	0.0058
LINCSCP_47443	NA	637	BID	2.2102	0.0058
LINCSCP_47443	NA	9267	CYTH1	-2.2217	0.0058
LINCSCP_47443	NA	9695	EDEM1	4.3925	0.006
LINCSCP_47443	NA	6390	SDHB	-4.9583	0.006
LINCSCP_47443	NA	9805	SCRN1	2.2812	0.006
LINCSCP_47443	NA	10227	MFSD10	-2.0879	0.006
LINCSCP_47443	NA	5468	PPARG	-2.4009	0.006
LINCSCP_47443	NA	9289	ADGRG1	2.0737	0.0061
LINCSCP_47443	NA	23142	DCUN1D4	2.0318	0.0061
LINCSCP_47443	NA	1788	DNMT3A	2.2803	0.0062
LINCSCP_47443	NA	958	CD40	2.0515	0.0062
LINCSCP_47443	NA	25805	BAMBI	-2.0665	0.0062
LINCSCP_47443	NA	5796	PTPRK	1.9743	0.0063
LINCSCP_47443	NA	29937	NENF	-2.9321	0.0063
LINCSCP_47443	NA	30849	PIK3R4	2.3763	0.0064
LINCSCP_47443	NA	9709	HERPUD1	2.4596	0.0064
LINCSCP_47443	NA	3416	IDE	1.9034	0.0064
LINCSCP_47443	NA	1282	COL4A1	2.9403	0.0066
LINCSCP_47443	NA	3454	IFNAR1	2.1221	0.0067
LINCSCP_47443	NA	3202	HOXA5	2.8271	0.0067
LINCSCP_47443	NA	10237	SLC35B1	1.8967	0.0068
LINCSCP_47443	NA	6253	RTN2	2.3388	0.0069
LINCSCP_47443	NA	54807	ZNF586	2.0462	0.0069
LINCSCP_47443	NA	23038	WDTC1	-1.8952	0.0069
LINCSCP_47443	NA	5696	PSMB8	2.4377	0.0069
LINCSCP_47443	NA	9926	LPGAT1	-3.4305	0.007
LINCSCP_47443	NA	55148	UBR7	-2.0769	0.007
LINCSCP_47443	NA	116832	RPL39L	-1.9269	0.0071
LINCSCP_47443	NA	1861	TOR1A	2.5356	0.0072
LINCSCP_47443	NA	9842	PLEKHM1	1.9237	0.0073
LINCSCP_47443	NA	5654	HTRA1	3.2269	0.0074
LINCSCP_47443	NA	8996	NOL3	1.9715	0.0074
LINCSCP_47443	NA	57149	LYRM1	-2.1281	0.0075
LINCSCP_47443	NA	8569	MKNK1	1.8881	0.0075
LINCSCP_47443	NA	3028	HSD17B10	4.0068	0.0075
LINCSCP_47443	NA	3597	IL13RA1	2.1438	0.0076
LINCSCP_47443	NA	9491	PSMF1	2.3318	0.0078
LINCSCP_47443	NA	64080	RBKS	-1.8798	0.0079
LINCSCP_47443	NA	1070	CETN3	-1.8657	0.0079
LINCSCP_47443	NA	5982	RFC2	2.3136	0.008
LINCSCP_47443	NA	91949	COG7	1.9315	0.008
LINCSCP_47443	NA	2195	FAT1	-4.3085	0.0081
LINCSCP_47443	NA	8061	FOSL1	1.896	0.0084
LINCSCP_47443	NA	25825	BACE2	-1.8969	0.0084
LINCSCP_47443	NA	1662	DDX10	-2.0063	0.0087
LINCSCP_47443	NA	3156	HMGCR	1.8686	0.0087
LINCSCP_47443	NA	9653	HS2ST1	2.6162	0.0087
LINCSCP_47443	NA	55038	CDCA4	2.083	0.0088
LINCSCP_47443	NA	7077	TIMP2	1.997	0.0089
LINCSCP_47443	NA	9833	MELK	-1.9205	0.009
LINCSCP_47443	NA	55958	KLHL9	2.1592	0.0091
LINCSCP_47443	NA	6894	TARBP1	-2.0184	0.0091
LINCSCP_47443	NA	54442	KCTD5	2.4241	0.0092
LINCSCP_47443	NA	5154	PDGFA	-1.7965	0.0092
LINCSCP_47443	NA	5777	PTPN6	2.4271	0.0094
LINCSCP_47443	NA	51335	NGRN	-1.7853	0.0095
LINCSCP_47443	NA	6856	SYPL1	-2.8726	0.0095
LINCSCP_47443	NA	1906	EDN1	2.1309	0.0097
LINCSCP_47443	NA	3329	HSPD1	-2.0762	0.0097
LINCSCP_47443	NA	323	APBB2	3.019	0.01
LINCSCP_47443	NA	7264	TSTA3	-2.673	0.01
LINCSCP_47443	NA	9533	POLR1C	2.3256	0.0102
LINCSCP_47443	NA	1605	DAG1	1.8539	0.0102
LINCSCP_47443	NA	47	ACLY	1.8454	0.0103
LINCSCP_47443	NA	6347	CCL2	3.4819	0.0104
LINCSCP_47443	NA	25932	CLIC4	-2.7144	0.0105
LINCSCP_47443	NA	8607	RUVBL1	1.8691	0.0105
LINCSCP_47443	NA	11261	CHP1	-2.2099	0.0105
LINCSCP_47443	NA	8444	DYRK3	1.7616	0.0106
LINCSCP_47443	NA	23536	ADAT1	2.5688	0.0107
LINCSCP_47443	NA	7538	ZFP36	1.8323	0.0108
LINCSCP_47443	NA	5997	RGS2	-2.4368	0.0108
LINCSCP_47443	NA	8321	FZD1	1.7929	0.0109
LINCSCP_47443	NA	2288	FKBP4	1.6906	0.0109
LINCSCP_47443	NA	5721	PSME2	-1.7607	0.011
LINCSCP_47443	NA	79850	FAM57A	-2.7503	0.011
LINCSCP_47443	NA	7867	MAPKAPK3	-1.7938	0.0111
LINCSCP_47443	NA	51465	UBE2J1	1.7404	0.0111
LINCSCP_47443	NA	55746	NUP133	-2.2111	0.0112
LINCSCP_47443	NA	5699	PSMB10	-1.6625	0.0112
LINCSCP_47443	NA	387	RHOA	2.7508	0.0113
LINCSCP_47443	NA	2817	GPC1	-2.1774	0.0114
LINCSCP_47443	NA	701	BUB1B	2.001	0.0115
LINCSCP_47443	NA	8884	SLC5A6	1.7497	0.0118
LINCSCP_47443	NA	1870	E2F2	2.7091	0.0118
LINCSCP_47443	NA	2534	FYN	3.0251	0.012
LINCSCP_47443	NA	10610	ST6GALNAC2	1.7011	0.012
LINCSCP_47443	NA	5603	MAPK13	2.4403	0.0121
LINCSCP_47443	NA	80204	FBXO11	1.7075	0.0122
LINCSCP_47443	NA	25	ABL1	2.7705	0.0122
LINCSCP_47443	NA	4893	NRAS	3.4747	0.0124
LINCSCP_47443	NA	8091	HMGA2	-1.7956	0.0125
LINCSCP_47443	NA	7358	UGDH	-1.8904	0.0125
LINCSCP_47443	NA	6118	RPA2	1.8271	0.0126
LINCSCP_47443	NA	2908	NR3C1	-1.7681	0.0127
LINCSCP_47443	NA	3553	IL1B	1.9164	0.0127
LINCSCP_47443	NA	9126	SMC3	1.8375	0.0127
LINCSCP_47443	NA	10857	PGRMC1	-2.496	0.0128
LINCSCP_47443	NA	2058	EPRS	-2.0202	0.0129
LINCSCP_47443	NA	10320	IKZF1	2.0409	0.0129
LINCSCP_47443	NA	3098	HK1	1.6616	0.0131
LINCSCP_47443	NA	51293	CD320	1.7742	0.0131
LINCSCP_47443	NA	9124	PDLIM1	1.6067	0.0132
LINCSCP_47443	NA	596	BCL2	1.9905	0.0133
LINCSCP_47443	NA	9710	KIAA0355	1.7353	0.0133
LINCSCP_47443	NA	5111	PCNA	-2.8288	0.0134
LINCSCP_47443	NA	652	BMP4	1.7485	0.0135
LINCSCP_47443	NA	51071	DERA	1.8039	0.0135
LINCSCP_47443	NA	5708	PSMD2	2.628	0.0139
LINCSCP_47443	NA	6944	VPS72	4.4901	0.0142
LINCSCP_47443	NA	8900	CCNA1	1.8225	0.0142
LINCSCP_47443	NA	983	CDK1	-2.1509	0.0143
LINCSCP_47443	NA	2553	GABPB1	1.7885	0.0143
LINCSCP_47443	NA	57147	SCYL3	-2.4137	0.0144
LINCSCP_47443	NA	10818	FRS2	3.3232	0.0144
LINCSCP_47443	NA	147179	WIPF2	1.5727	0.0147
LINCSCP_47443	NA	23029	RBM34	-1.6572	0.015
LINCSCP_47443	NA	1534	CYB561	-3.156	0.015
LINCSCP_47443	NA	7159	TP53BP2	1.5976	0.015
LINCSCP_47443	NA	23039	XPO7	-1.6184	0.0151
LINCSCP_47443	NA	2523	FUT1	1.8844	0.0152
LINCSCP_47443	NA	6772	STAT1	1.6518	0.0154
LINCSCP_47443	NA	899	CCNF	1.6059	0.0155
LINCSCP_47443	NA	7043	TGFB3	2.7397	0.0156
LINCSCP_47443	NA	6709	SPTAN1	1.9598	0.0158
LINCSCP_47443	NA	51635	DHRS7	-1.5654	0.0161
LINCSCP_47443	NA	55837	EAPP	-1.7744	0.0162
LINCSCP_47443	NA	2274	FHL2	-2.2182	0.0162
LINCSCP_47443	NA	5770	PTPN1	1.9031	0.0163
LINCSCP_47443	NA	55556	ENOSF1	-1.84	0.0164
LINCSCP_47443	NA	1848	DUSP6	-1.5366	0.0165
LINCSCP_47443	NA	5715	PSMD9	-1.653	0.0166
LINCSCP_47443	NA	6790	AURKA	1.7526	0.0166
LINCSCP_47443	NA	6774	STAT3	1.9389	0.0167
LINCSCP_47443	NA	1647	GADD45A	-1.7806	0.0167
LINCSCP_47443	NA	5925	RB1	2.6666	0.0169
LINCSCP_47443	NA	5613	PRKX	2.6159	0.0172
LINCSCP_47443	NA	25987	TSKU	1.6237	0.0176
LINCSCP_47443	NA	11284	PNKP	1.6255	0.0179
LINCSCP_47443	NA	1399	CRKL	1.6481	0.0182
LINCSCP_47443	NA	79643	CHMP6	3.0683	0.0187
LINCSCP_47443	NA	79006	METRN	2.0788	0.0187
LINCSCP_47443	NA	3815	KIT	2.1427	0.0188
LINCSCP_47443	NA	5236	PGM1	1.7858	0.0189
LINCSCP_47443	NA	10682	EBP	-1.5132	0.019
LINCSCP_47443	NA	10099	TSPAN3	-1.4826	0.019
LINCSCP_47443	NA	11031	RAB31	4.107	0.0193
LINCSCP_47443	NA	85377	MICALL1	1.4604	0.0194
LINCSCP_47443	NA	11007	CCDC85B	2.0934	0.0195
LINCSCP_47443	NA	56924	PAK6	1.4926	0.0196
LINCSCP_47443	NA	9181	ARHGEF2	1.4428	0.0202
LINCSCP_47443	NA	79947	DHDDS	3.735	0.0202
LINCSCP_47443	NA	965	CD58	1.5168	0.0205
LINCSCP_47443	NA	4864	NPC1	-4.7667	0.0206
LINCSCP_47443	NA	5601	MAPK9	1.4409	0.0208
LINCSCP_47443	NA	54623	PAF1	2.1742	0.0208
LINCSCP_47443	NA	6342	SCP2	1.4318	0.021
LINCSCP_47443	NA	55608	ANKRD10	-1.9345	0.0213
LINCSCP_47443	NA	23212	RRS1	-1.463	0.0214
LINCSCP_47443	NA	3611	ILK	-3.5564	0.0215
LINCSCP_47443	NA	57048	PLSCR3	2.3926	0.0215
LINCSCP_47443	NA	79073	TMEM109	2.0167	0.0222
LINCSCP_47443	NA	56997	ADCK3	1.92	0.0222
LINCSCP_47443	NA	79071	ELOVL6	1.6814	0.0223
LINCSCP_47443	NA	4200	ME2	-1.4244	0.0224
LINCSCP_47443	NA	9897	KIAA0196	2.3833	0.0225
LINCSCP_47443	NA	6988	TCTA	-1.4076	0.0226
LINCSCP_47443	NA	9915	ARNT2	1.4648	0.0231
LINCSCP_47443	NA	10670	RRAGA	1.4568	0.0233
LINCSCP_47443	NA	7099	TLR4	1.9762	0.0234
LINCSCP_47443	NA	64422	ATG3	-1.8689	0.0238
LINCSCP_47443	NA	7016	TESK1	1.7912	0.024
LINCSCP_47443	NA	79902	NUP85	2.5434	0.024
LINCSCP_47443	NA	23378	RRP8	-1.467	0.0241
LINCSCP_47443	NA	9703	KIAA0100	1.6199	0.0241
LINCSCP_47443	NA	16	AARS	-1.6159	0.0242
LINCSCP_47443	NA	11000	SLC27A3	1.7764	0.0242
LINCSCP_47443	NA	3312	HSPA8	-1.4435	0.0246
LINCSCP_47443	NA	55893	ZNF395	1.598	0.0248
LINCSCP_47443	NA	6908	TBP	2.1537	0.0249
LINCSCP_47443	NA	3122	HLA-DRA	2.2051	0.0251
LINCSCP_47443	NA	780	DDR1	1.6851	0.0251
LINCSCP_47443	NA	5827	PXMP2	2.0402	0.0251
LINCSCP_47443	NA	56654	NPDC1	-3.9939	0.0258
LINCSCP_47443	NA	9093	DNAJA3	1.481	0.0259
LINCSCP_47443	NA	5831	PYCR1	1.582	0.026
LINCSCP_47443	NA	6696	SPP1	2.2546	0.0261
LINCSCP_47443	NA	23223	RRP12	1.4595	0.0271
LINCSCP_47443	NA	7750	ZMYM2	-2.4636	0.0276
LINCSCP_47443	NA	4998	ORC1	1.4397	0.0277
LINCSCP_47443	NA	80347	COASY	1.5638	0.0278
LINCSCP_47443	NA	9261	MAPKAPK2	-1.6969	0.0288
LINCSCP_47443	NA	581	BAX	3.4937	0.0291
LINCSCP_47443	NA	27095	TRAPPC3	1.3245	0.0296
LINCSCP_47443	NA	9375	TM9SF2	-1.8848	0.0297
LINCSCP_47443	NA	6461	SHB	1.3696	0.0299
LINCSCP_47443	NA	5438	POLR2I	2.021	0.0304
LINCSCP_47443	NA	2131	EXT1	1.8993	0.0304
LINCSCP_47443	NA	4303	FOXO4	-1.324	0.0307
LINCSCP_47443	NA	9112	MTA1	1.2871	0.031
LINCSCP_47443	NA	51170	HSD17B11	1.3633	0.031
LINCSCP_47443	NA	5529	PPP2R5E	1.307	0.0311
LINCSCP_47443	NA	10972	TMED10	-1.4422	0.0313
LINCSCP_47443	NA	25966	C2CD2	2.2013	0.0316
LINCSCP_47443	NA	51569	UFM1	-1.8032	0.032
LINCSCP_47443	NA	79094	CHAC1	1.28	0.0323
LINCSCP_47443	NA	6275	S100A4	-1.3798	0.0324
LINCSCP_47443	NA	4043	LRPAP1	1.2622	0.0325
LINCSCP_47443	NA	1676	DFFA	2.6905	0.0326
LINCSCP_47443	NA	5223	PGAM1	1.31	0.0326
LINCSCP_47443	NA	994	CDC25B	1.3342	0.033
LINCSCP_47443	NA	4616	GADD45B	1.4513	0.033
LINCSCP_47443	NA	50814	NSDHL	1.8164	0.0332
LINCSCP_47443	NA	5359	PLSCR1	-1.4936	0.0332
LINCSCP_47443	NA	5547	PRCP	2.0698	0.0339
LINCSCP_47443	NA	3508	IGHMBP2	2.0285	0.0341
LINCSCP_47443	NA	5287	PIK3C2B	-1.7907	0.0343
LINCSCP_47443	NA	55847	CISD1	-3.0696	0.0346
LINCSCP_47443	NA	63874	ABHD4	1.2893	0.0349
LINCSCP_47443	NA	388650	FAM69A	1.3082	0.0349
LINCSCP_47443	NA	6251	RSU1	3.2354	0.0352
LINCSCP_47443	NA	2353	FOS	1.997	0.036
LINCSCP_47443	NA	10451	VAV3	2.9814	0.0367
LINCSCP_47443	NA	1001	CDH3	1.2679	0.037
LINCSCP_47443	NA	6777	STAT5B	1.7526	0.0371
LINCSCP_47443	NA	23244	PDS5A	1.4555	0.0372
LINCSCP_47443	NA	51282	SCAND1	1.4601	0.0373
LINCSCP_47443	NA	54541	DDIT4	-1.8618	0.0383
LINCSCP_47443	NA	9531	BAG3	1.511	0.0384
LINCSCP_47443	NA	10494	STK25	1.4435	0.0389
LINCSCP_47443	NA	23224	SYNE2	-1.3167	0.0392
LINCSCP_47443	NA	200734	SPRED2	1.3639	0.0394
LINCSCP_47443	NA	50813	COPS7A	3.4636	0.0397
LINCSCP_47443	NA	60493	FASTKD5	-1.6532	0.0397
LINCSCP_47443	NA	5050	PAFAH1B3	1.8071	0.0399
LINCSCP_47443	NA	26036	ZNF451	-1.5148	0.0404
LINCSCP_47443	NA	8202	NCOA3	-1.6651	0.0404
LINCSCP_47443	NA	23200	ATP11B	1.3848	0.0409
LINCSCP_47443	NA	2625	GATA3	2.9464	0.041
LINCSCP_47443	NA	2770	GNAI1	1.4027	0.0412
LINCSCP_47443	NA	1050	CEBPA	1.233	0.0413
LINCSCP_47443	NA	65057	ACD	1.5683	0.0413
LINCSCP_47443	NA	2597	GAPDH	-1.8194	0.0415
LINCSCP_47443	NA	1509	CTSD	1.6356	0.0419
LINCSCP_47443	NA	2736	GLI2	3.0487	0.0419
LINCSCP_47443	NA	11232	POLG2	-1.2393	0.0422
LINCSCP_47443	NA	3925	STMN1	1.6491	0.0422
LINCSCP_47443	NA	835	CASP2	4.1533	0.0424
LINCSCP_47443	NA	51116	MRPS2	-3.3469	0.0433
LINCSCP_47443	NA	4605	MYBL2	1.3244	0.0436
LINCSCP_47443	NA	54850	FBXL12	1.2406	0.0439
LINCSCP_47443	NA	2146	EZH2	1.1899	0.0444
LINCSCP_47443	NA	808	CALM3	1.2333	0.0444
LINCSCP_47443	NA	11151	CORO1A	2.815	0.0449
LINCSCP_47443	NA	3628	INPP1	1.3995	0.0453
LINCSCP_47443	NA	26020	LRP10	-1.2358	0.0455
LINCSCP_47443	NA	873	CBR1	1.1923	0.0458
LINCSCP_47443	NA	9448	MAP4K4	1.6417	0.0458
LINCSCP_47443	NA	7106	TSPAN4	-5.2979	0.046
LINCSCP_47443	NA	5909	RAP1GAP	1.9769	0.0461
LINCSCP_47443	NA	3682	ITGAE	1.1505	0.0462
LINCSCP_47443	NA	1831	TSC22D3	-1.1509	0.0463
LINCSCP_47443	NA	64943	NT5DC2	1.1526	0.0464
LINCSCP_47443	NA	10329	TMEM5	-1.8815	0.0469
LINCSCP_47443	NA	8324	FZD7	-1.537	0.0471
LINCSCP_47443	NA	51031	GLOD4	2.9739	0.0473
LINCSCP_47443	NA	25839	COG4	1.2304	0.0473
LINCSCP_47443	NA	23463	ICMT	1.1431	0.0477
LINCSCP_47443	NA	5255	PHKA1	1.2834	0.0483
LINCSCP_47443	NA	54512	EXOSC4	1.3748	0.0484
LINCSCP_47443	NA	154	ADRB2	-1.1409	0.0503
LINCSCP_47443	NA	5900	RALGDS	1.5698	0.0503
LINCSCP_47443	NA	8826	IQGAP1	1.4915	0.0511
LINCSCP_47443	NA	25976	TIPARP	2.3491	0.0518
LINCSCP_47443	NA	55127	HEATR1	1.09	0.0524
LINCSCP_47443	NA	81533	ITFG1	1.1552	0.0525
LINCSCP_47443	NA	5018	OXA1L	-1.093	0.0532
LINCSCP_47443	NA	54499	TMCO1	2.9024	0.0533
LINCSCP_47443	NA	10892	MALT1	-1.192	0.0535
LINCSCP_47443	NA	9868	TOMM70A	-1.9185	0.0543
LINCSCP_47443	NA	51599	LSR	1.1817	0.0544
LINCSCP_47443	NA	54386	TERF2IP	-1.2764	0.0547
LINCSCP_47443	NA	6659	SOX4	1.0737	0.0554
LINCSCP_47443	NA	7466	WFS1	1.7068	0.0558
LINCSCP_47443	NA	10652	YKT6	1.1169	0.0562
LINCSCP_47443	NA	29103	DNAJC15	-1.412	0.0576
LINCSCP_47443	NA	2767	GNA11	1.1537	0.0586
LINCSCP_47443	NA	5985	RFC5	1.0626	0.0587
LINCSCP_47443	NA	11041	B4GAT1	1.1315	0.0588
LINCSCP_47443	NA	466	ATF1	-1.5134	0.0599
LINCSCP_47443	NA	10221	TRIB1	-3.0305	0.0606
LINCSCP_47443	NA	148022	TICAM1	1.2484	0.0611
LINCSCP_47443	NA	5836	PYGL	-1.0575	0.0614
LINCSCP_47443	NA	10695	CNPY3	1.155	0.062
LINCSCP_47443	NA	9275	BCL7B	-1.0671	0.063
LINCSCP_47443	NA	622	BDH1	1.0575	0.0631
LINCSCP_47443	NA	39	ACAT2	-1.0323	0.0634
LINCSCP_47443	NA	4780	NFE2L2	1.6213	0.0634
LINCSCP_47443	NA	23131	GPATCH8	1.5801	0.0643
LINCSCP_47443	NA	1616	DAXX	2.1239	0.0645
LINCSCP_47443	NA	9670	IPO13	1.4952	0.0652
LINCSCP_47443	NA	51160	VPS28	1.0822	0.0655
LINCSCP_47443	NA	51056	LAP3	1.0946	0.066
LINCSCP_47443	NA	51382	ATP6V1D	-4.9956	0.0664
LINCSCP_47443	NA	55008	HERC6	1.7558	0.0669
LINCSCP_47443	NA	24149	ZNF318	-1.0823	0.0684
LINCSCP_47443	NA	3638	INSIG1	-1.0179	0.0686
LINCSCP_47443	NA	63933	MCUR1	-1.0563	0.0687
LINCSCP_47443	NA	90861	HN1L	1.164	0.0688
LINCSCP_47443	NA	23658	LSM5	-3.3448	0.0689
LINCSCP_47443	NA	960	CD44	0.9957	0.0693
LINCSCP_47443	NA	26001	RNF167	-4.3322	0.0693
LINCSCP_47443	NA	10782	ZNF274	2.0636	0.0696
LINCSCP_47443	NA	4793	NFKBIB	2.3203	0.0696
LINCSCP_47443	NA	58472	SQRDL	1.6337	0.0702
LINCSCP_47443	NA	10112	KIF20A	0.9865	0.0714
LINCSCP_47443	NA	4144	MAT2A	1.7348	0.0715
LINCSCP_47443	NA	6804	STX1A	-4.2947	0.0721
LINCSCP_47443	NA	991	CDC20	-1.5014	0.0723
LINCSCP_47443	NA	3280	HES1	-1	0.0728
LINCSCP_47443	NA	23338	JADE2	2.0382	0.073
LINCSCP_47443	NA	9650	MTFR1	-2.1334	0.0738
LINCSCP_47443	NA	4282	MIF	-1.1018	0.0739
LINCSCP_47443	NA	2582	GALE	1.0382	0.0744
LINCSCP_47443	NA	22809	ATF5	0.9986	0.075
LINCSCP_47443	NA	102	ADAM10	1.1515	0.0756
LINCSCP_47443	NA	11137	PWP1	0.9725	0.0759
LINCSCP_47443	NA	51203	NUSAP1	-2.612	0.0766
LINCSCP_47443	NA	11073	TOPBP1	0.9919	0.0768
LINCSCP_47443	NA	51375	SNX7	1.5329	0.0791
LINCSCP_47443	NA	3800	KIF5C	1.5701	0.0797
LINCSCP_47443	NA	5480	PPIC	-1.0077	0.081
LINCSCP_47443	NA	2745	GLRX	-1.1291	0.0818
LINCSCP_47443	NA	11142	PKIG	0.9409	0.0835
LINCSCP_47443	NA	1950	EGF	-1.0376	0.0844
LINCSCP_47443	NA	3480	IGF1R	-1.012	0.0847
LINCSCP_47443	NA	4312	MMP1	4.7574	0.0868
LINCSCP_47443	NA	5710	PSMD4	0.925	0.0894
LINCSCP_47443	NA	23410	SIRT3	2.0319	0.0902
LINCSCP_47443	NA	8835	SOCS2	0.9182	0.0906
LINCSCP_47443	NA	64781	CERK	0.9185	0.0916
LINCSCP_47443	NA	7994	KAT6A	-0.9211	0.0922
LINCSCP_47443	NA	8678	BECN1	-1.6886	0.0933
LINCSCP_47443	NA	5355	PLP2	-1.1187	0.0934
LINCSCP_47443	NA	57761	TRIB3	1.0385	0.094
LINCSCP_47443	NA	2961	GTF2E2	1.0621	0.0943
LINCSCP_47443	NA	57215	THAP11	1.1013	0.0954
LINCSCP_47443	NA	3383	ICAM1	-1.738	0.0963
LINCSCP_47443	NA	84159	ARID5B	0.8816	0.0998
LINCSCP_47443	NA	9903	KLHL21	-0.9259	0.0999
LINCSCP_47443	NA	6603	SMARCD2	1.1264	0.1011
LINCSCP_47443	NA	8821	INPP4B	-1.3022	0.1017
LINCSCP_47443	NA	695	BTK	2.2758	0.1032
LINCSCP_47443	NA	1029	CDKN2A	1.4666	0.1042
LINCSCP_47443	NA	1385	CREB1	1.4224	0.1042
LINCSCP_47443	NA	26511	CHIC2	1.1408	0.1047
LINCSCP_47443	NA	29890	RBM15B	-0.9036	0.1056
LINCSCP_47443	NA	8985	PLOD3	-1.856	0.1066
LINCSCP_47443	NA	1452	CSNK1A1	-1.3029	0.1068
LINCSCP_47443	NA	4791	NFKB2	1.3172	0.1079
LINCSCP_47443	NA	10273	STUB1	-1.9013	0.108
LINCSCP_47443	NA	22926	ATF6	1.0353	0.1081
LINCSCP_47443	NA	3909	LAMA3	-2.5407	0.1085
LINCSCP_47443	NA	128	ADH5	-0.9619	0.1088
LINCSCP_47443	NA	3091	HIF1A	-0.8534	0.1099
LINCSCP_47443	NA	10398	MYL9	0.9688	0.1103
LINCSCP_47443	NA	10180	RBM6	0.9342	0.1106
LINCSCP_47443	NA	3930	LBR	0.8308	0.1129
LINCSCP_47443	NA	58533	SNX6	-1.1534	0.1133
LINCSCP_47443	NA	30001	ERO1L	0.8632	0.1142
LINCSCP_47443	NA	6509	SLC1A4	0.9094	0.1154
LINCSCP_47443	NA	10493	VAT1	-0.9648	0.1179
LINCSCP_47443	NA	9183	ZW10	1.5164	0.1179
LINCSCP_47443	NA	9053	MAP7	-0.946	0.1198
LINCSCP_47443	NA	51053	GMNN	-2.7905	0.1199
LINCSCP_47443	NA	211	ALAS1	-1.4677	0.1202
LINCSCP_47443	NA	6195	RPS6KA1	-0.9801	0.1208
LINCSCP_47443	NA	501	ALDH7A1	0.9293	0.1214
LINCSCP_47443	NA	94239	H2AFV	1.3683	0.1214
LINCSCP_47443	NA	10057	ABCC5	1.508	0.1253
LINCSCP_47443	NA	51070	NOSIP	1.5346	0.1263
LINCSCP_47443	NA	51742	ARID4B	0.9897	0.1284
LINCSCP_47443	NA	54881	TEX10	1.0343	0.1297
LINCSCP_47443	NA	5347	PLK1	0.8117	0.1327
LINCSCP_47443	NA	9928	KIF14	-0.948	0.1366
LINCSCP_47443	NA	8396	PIP4K2B	-0.901	0.1369
LINCSCP_47443	NA	2771	GNAI2	-2.2983	0.1409
LINCSCP_47443	NA	5525	PPP2R5A	-0.7905	0.1409
LINCSCP_47443	NA	9961	MVP	0.7737	0.142
LINCSCP_47443	NA	11168	PSIP1	1.4887	0.1423
LINCSCP_47443	NA	23161	SNX13	1.0857	0.1462
LINCSCP_47443	NA	10298	PAK4	1.3016	0.1493
LINCSCP_47443	NA	9467	SH3BP5	-1.0924	0.1503
LINCSCP_47443	NA	847	CAT	-1.2634	0.1506
LINCSCP_47443	NA	23139	MAST2	0.9665	0.1538
LINCSCP_47443	NA	8518	IKBKAP	-1.6197	0.1547
LINCSCP_47443	NA	27336	HTATSF1	0.9551	0.1573
LINCSCP_47443	NA	5986	RFNG	0.8111	0.1585
LINCSCP_47443	NA	5289	PIK3C3	1.6806	0.1605
LINCSCP_47443	NA	7105	TSPAN6	0.7585	0.1649
LINCSCP_47443	NA	9690	UBE3C	-0.7215	0.1655
LINCSCP_47443	NA	27244	SESN1	0.9477	0.167
LINCSCP_47443	NA	54915	YTHDF1	-0.8193	0.1674
LINCSCP_47443	NA	9455	HOMER2	0.798	0.1683
LINCSCP_47443	NA	1677	DFFB	-0.7037	0.1688
LINCSCP_47443	NA	3486	IGFBP3	0.8168	0.1688
LINCSCP_47443	NA	5627	PROS1	-0.706	0.1738
LINCSCP_47443	NA	83743	GRWD1	0.6895	0.1742
LINCSCP_47443	NA	2184	FAH	-0.9937	0.1748
LINCSCP_47443	NA	427	ASAH1	1.1002	0.1765
LINCSCP_47443	NA	10589	DRAP1	1.0484	0.1782
LINCSCP_47443	NA	5829	PXN	1.9496	0.1794
LINCSCP_47443	NA	10362	HMG20B	-3.2953	0.1802
LINCSCP_47443	NA	10523	CHERP	-0.7622	0.1803
LINCSCP_47443	NA	6182	MRPL12	0.9142	0.1813
LINCSCP_47443	NA	9847	C2CD5	-0.8918	0.1836
LINCSCP_47443	NA	8851	CDK5R1	-0.7976	0.1838
LINCSCP_47443	NA	4690	NCK1	-0.8918	0.1843
LINCSCP_47443	NA	9134	CCNE2	0.9557	0.1852
LINCSCP_47443	NA	5321	PLA2G4A	0.7404	0.1856
LINCSCP_47443	NA	51024	FIS1	-0.8647	0.1881
LINCSCP_47443	NA	226	ALDOA	0.7649	0.189
LINCSCP_47443	NA	23271	CAMSAP2	-0.7558	0.1896
LINCSCP_47443	NA	6499	SKIV2L	1.0454	0.1903
LINCSCP_47443	NA	5366	PMAIP1	-0.8617	0.1907
LINCSCP_47443	NA	4925	NUCB2	0.7101	0.1911
LINCSCP_47443	NA	23647	ARFIP2	0.6555	0.1917
LINCSCP_47443	NA	4216	MAP3K4	0.9642	0.1921
LINCSCP_47443	NA	58497	PRUNE	1.0496	0.195
LINCSCP_47443	NA	7082	TJP1	0.6745	0.195
LINCSCP_47443	NA	4582	MUC1	-0.9181	0.1953
LINCSCP_47443	NA	79080	CCDC86	0.8664	0.2
LINCSCP_47443	NA	6839	SUV39H1	-0.6569	0.2023
LINCSCP_47443	NA	6009	RHEB	0.6299	0.2072
LINCSCP_47443	NA	23	ABCF1	0.656	0.2089
LINCSCP_47443	NA	2896	GRN	-0.7431	0.2091
LINCSCP_47443	NA	3978	LIG1	0.7129	0.2107
LINCSCP_47443	NA	2115	ETV1	-1.2225	0.2112
LINCSCP_47443	NA	8837	CFLAR	0.6301	0.2115
LINCSCP_47443	NA	10557	RPP38	-0.6761	0.2115
LINCSCP_47443	NA	79961	DENND2D	1.5865	0.2154
LINCSCP_47443	NA	51015	ISOC1	1.2133	0.2184
LINCSCP_47443	NA	4927	NUP88	-0.738	0.2188
LINCSCP_47443	NA	54681	P4HTM	-0.7149	0.2223
LINCSCP_47443	NA	23670	TMEM2	-0.6503	0.2288
LINCSCP_47443	NA	11230	PRAF2	0.9467	0.2296
LINCSCP_47443	NA	23061	TBC1D9B	0.6327	0.2303
LINCSCP_47443	NA	6597	SMARCA4	-0.7183	0.231
LINCSCP_47443	NA	57178	ZMIZ1	0.7702	0.234
LINCSCP_47443	NA	8878	SQSTM1	0.6737	0.235
LINCSCP_47443	NA	3308	HSPA4	0.8454	0.2355
LINCSCP_47443	NA	5641	LGMN	2.0894	0.2404
LINCSCP_47443	NA	26993	AKAP8L	0.7471	0.2407
LINCSCP_47443	NA	10276	NET1	-0.6359	0.2466
LINCSCP_47443	NA	55793	FAM63A	0.5917	0.2476
LINCSCP_47443	NA	9170	LPAR2	0.8109	0.2502
LINCSCP_47443	NA	178	AGL	0.682	0.2563
LINCSCP_47443	NA	10058	ABCB6	-0.9994	0.2567
LINCSCP_47443	NA	1213	CLTC	-0.5775	0.26
LINCSCP_47443	NA	11188	NISCH	-0.6389	0.2616
LINCSCP_47443	NA	1846	DUSP4	-0.6263	0.2626
LINCSCP_47443	NA	10953	TOMM34	-2.1213	0.2634
LINCSCP_47443	NA	5261	PHKG2	-0.7478	0.2645
LINCSCP_47443	NA	9221	NOLC1	0.9951	0.2673
LINCSCP_47443	NA	8720	MBTPS1	0.6536	0.2683
LINCSCP_47443	NA	10007	GNPDA1	0.6523	0.2686
LINCSCP_47443	NA	51719	CAB39	-1.2168	0.2716
LINCSCP_47443	NA	23011	RAB21	0.8944	0.2732
LINCSCP_47443	NA	2542	SLC37A4	-0.6113	0.2747
LINCSCP_47443	NA	2810	SFN	-0.5639	0.2748
LINCSCP_47443	NA	10915	TCERG1	-0.6871	0.2754
LINCSCP_47443	NA	51021	MRPS16	0.6225	0.2779
LINCSCP_47443	NA	1062	CENPE	0.6103	0.2865
LINCSCP_47443	NA	23659	PLA2G15	0.5286	0.2868
LINCSCP_47443	NA	1958	EGR1	0.7446	0.2891
LINCSCP_47443	NA	5747	PTK2	-0.7857	0.2906
LINCSCP_47443	NA	3964	LGALS8	1.1316	0.298
LINCSCP_47443	NA	9988	DMTF1	0.5814	0.3
LINCSCP_47443	NA	7319	UBE2A	0.6011	0.3016
LINCSCP_47443	NA	8804	CREG1	0.5532	0.3017
LINCSCP_47443	NA	4846	NOS3	-0.5015	0.3043
LINCSCP_47443	NA	11072	DUSP14	0.5131	0.3104
LINCSCP_47443	NA	55825	PECR	1.0366	0.3113
LINCSCP_47443	NA	2063	NR2F6	0.6638	0.3126
LINCSCP_47443	NA	5782	PTPN12	-0.4966	0.3155
LINCSCP_47443	NA	27032	ATP2C1	0.5745	0.3171
LINCSCP_47443	NA	5716	PSMD10	-0.4889	0.3187
LINCSCP_47443	NA	22905	EPN2	-2.454	0.319
LINCSCP_47443	NA	10954	PDIA5	0.5023	0.3211
LINCSCP_47443	NA	64429	ZDHHC6	-2.2987	0.322
LINCSCP_47443	NA	23588	KLHDC2	-0.5035	0.3226
LINCSCP_47443	NA	1454	CSNK1E	0.621	0.3241
LINCSCP_47443	NA	3108	HLA-DMA	0.5346	0.3282
LINCSCP_47443	NA	25874	MPC2	0.4735	0.3323
LINCSCP_47443	NA	7027	TFDP1	0.767	0.336
LINCSCP_47443	NA	5889	RAD51C	-1.7448	0.3374
LINCSCP_47443	NA	6793	STK10	0.581	0.345
LINCSCP_47443	NA	29978	UBQLN2	3.0888	0.3461
LINCSCP_47443	NA	7074	TIAM1	1.8127	0.3504
LINCSCP_47443	NA	8550	MAPKAPK5	-0.509	0.3516
LINCSCP_47443	NA	874	CBR3	-1.6158	0.3519
LINCSCP_47443	NA	1829	DSG2	0.6193	0.36
LINCSCP_47443	NA	6184	RPN1	1.1404	0.3616
LINCSCP_47443	NA	22823	MTF2	-0.4416	0.3635
LINCSCP_47443	NA	26227	PHGDH	-0.4968	0.3647
LINCSCP_47443	NA	51495	HACD3	-0.5234	0.3674
LINCSCP_47443	NA	23512	SUZ12	-0.6497	0.3704
LINCSCP_47443	NA	2222	FDFT1	0.5334	0.3705
LINCSCP_47443	NA	813	CALU	0.4971	0.3712
LINCSCP_47443	NA	8243	SMC1A	-0.5623	0.3747
LINCSCP_47443	NA	3398	ID2	-0.4476	0.3808
LINCSCP_47443	NA	23499	MACF1	0.4215	0.3815
LINCSCP_47443	NA	10165	SLC25A13	-0.5056	0.384
LINCSCP_47443	NA	23386	NUDCD3	-0.4346	0.3865
LINCSCP_47443	NA	6304	SATB1	0.5638	0.3943
LINCSCP_47443	NA	6119	RPA3	-0.4614	0.4022
LINCSCP_47443	NA	10644	IGF2BP2	0.6468	0.4115
LINCSCP_47443	NA	3033	HADH	-1.0844	0.4189
LINCSCP_47443	NA	57804	POLD4	-1.0399	0.4212
LINCSCP_47443	NA	2624	GATA2	0.4446	0.4259
LINCSCP_47443	NA	10046	MAMLD1	0.3795	0.4341
LINCSCP_47443	NA	81544	GDPD5	-0.4779	0.4364
LINCSCP_47443	NA	890	CCNA2	0.36870000000000003	0.4401
LINCSCP_47443	NA	23013	SPEN	-0.7216	0.4415
LINCSCP_47443	NA	1978	EIF4EBP1	-0.4129	0.4419
LINCSCP_47443	NA	9519	TBPL1	1.0311	0.4431
LINCSCP_47443	NA	60528	ELAC2	0.3555	0.4557
LINCSCP_47443	NA	4651	MYO10	0.473	0.4563
LINCSCP_47443	NA	5106	PCK2	0.4844	0.4626
LINCSCP_47443	NA	23077	MYCBP2	0.8382	0.4642
LINCSCP_47443	NA	993	CDC25A	0.4855	0.4694
LINCSCP_47443	NA	329	BIRC2	-0.3463	0.4703
LINCSCP_47443	NA	10813	UTP14A	-0.3589	0.4725
LINCSCP_47443	NA	10245	TIMM17B	-0.3466	0.4728
LINCSCP_47443	NA	23014	FBXO21	-0.3843	0.4754
LINCSCP_47443	NA	3066	HDAC2	-0.5321	0.4812
LINCSCP_47443	NA	823	CAPN1	0.3544	0.4872
LINCSCP_47443	NA	4125	MAN2B1	-0.3607	0.4893
LINCSCP_47443	NA	8870	IER3	0.7179	0.49370000000000003
LINCSCP_47443	NA	55129	ANO10	0.3216	0.4953
LINCSCP_47443	NA	29763	PACSIN3	0.504	0.4976
LINCSCP_47443	NA	89910	UBE3B	-0.5445	0.5021
LINCSCP_47443	NA	1845	DUSP3	-0.33	0.5097
LINCSCP_47443	NA	9016	SLC25A14	0.5071	0.5102
LINCSCP_47443	NA	7416	VDAC1	-0.4125	0.5169
LINCSCP_47443	NA	4232	MEST	0.6066	0.5186
LINCSCP_47443	NA	51001	MTERF3	-0.3963	0.5264
LINCSCP_47443	NA	10730	YME1L1	-0.3164	0.5274
LINCSCP_47443	NA	5891	MOK	0.363	0.5352
LINCSCP_47443	NA	1017	CDK2	0.3507	0.5401
LINCSCP_47443	NA	23365	ARHGEF12	-0.3928	0.5471
LINCSCP_47443	NA	84617	TUBB6	-0.397	0.5498
LINCSCP_47443	NA	6813	STXBP2	-0.2843	0.5531
LINCSCP_47443	NA	8974	P4HA2	-0.3157	0.5625
LINCSCP_47443	NA	9924	PAN2	0.3083	0.5743
LINCSCP_47443	NA	11011	TLK2	-0.4386	0.5798
LINCSCP_47443	NA	9813	EFCAB14	0.6439	0.5839
LINCSCP_47443	NA	6676	SPAG4	0.5349	0.585
LINCSCP_47443	NA	4860	PNP	-0.2683	0.6108
LINCSCP_47443	NA	1802	DPH2	0.2368	0.6149
LINCSCP_47443	NA	9738	CCP110	-0.275	0.6286
LINCSCP_47443	NA	5427	POLE2	0.2267	0.6345
LINCSCP_47443	NA	10049	DNAJB6	0.2271	0.636
LINCSCP_47443	NA	54505	DHX29	0.4728	0.6427
LINCSCP_47443	NA	3551	IKBKB	-0.5838	0.6448
LINCSCP_47443	NA	10921	RNPS1	0.3487	0.6461
LINCSCP_47443	NA	22827	PUF60	0.2227	0.6489
LINCSCP_47443	NA	831	CAST	0.2442	0.6567
LINCSCP_47443	NA	11098	PRSS23	0.2355	0.6637
LINCSCP_47443	NA	55818	KDM3A	-0.2231	0.6689
LINCSCP_47443	NA	26064	RAI14	0.2101	0.6703
LINCSCP_47443	NA	50865	HEBP1	-0.2305	0.6721
LINCSCP_47443	NA	8270	LAGE3	0.2217	0.6883
LINCSCP_47443	NA	2954	GSTZ1	0.2028	0.6897
LINCSCP_47443	NA	9817	KEAP1	0.2278	0.6906
LINCSCP_47443	NA	998	CDC42	0.3951	0.7004
LINCSCP_47443	NA	8050	PDHX	-0.3473	0.7016
LINCSCP_47443	NA	332	BIRC5	-0.5293	0.7068
LINCSCP_47443	NA	9637	FEZ2	0.1825	0.7101
LINCSCP_47443	NA	836	CASP3	0.6391	0.7119
LINCSCP_47443	NA	10641	NPRL2	0.1915	0.7159
LINCSCP_47443	NA	2113	ETS1	-0.2793	0.7184
LINCSCP_47443	NA	6443	SGCB	-0.1698	0.719
LINCSCP_47443	NA	23210	JMJD6	0.1774	0.7226
LINCSCP_47443	NA	25793	FBXO7	-0.164	0.7267
LINCSCP_47443	NA	355	FAS	-0.3589	0.7289
LINCSCP_47443	NA	5092	PCBD1	0.2169	0.7304
LINCSCP_47443	NA	85236	HIST1H2BK	0.2008	0.7346
LINCSCP_47443	NA	30	ACAA1	0.1704	0.7385
LINCSCP_47443	NA	1022	CDK7	0.1965	0.7409
LINCSCP_47443	NA	2946	GSTM2	-0.2152	0.7421
LINCSCP_47443	NA	8574	AKR7A2	0.1511	0.7451
LINCSCP_47443	NA	891	CCNB1	0.1501	0.7475
LINCSCP_47443	NA	1111	CHEK1	0.4323	0.7501
LINCSCP_47443	NA	10732	TCFL5	0.4319	0.7527
LINCSCP_47443	NA	9686	VGLL4	0.1549	0.753
LINCSCP_47443	NA	9712	USP6NL	-0.1494	0.7546
LINCSCP_47443	NA	29928	TIMM22	0.1445	0.7559
LINCSCP_47443	NA	10450	PPIE	0.1442	0.7575
LINCSCP_47443	NA	7511	XPNPEP1	0.1452	0.7625
LINCSCP_47443	NA	6714	SRC	0.3529	0.767
LINCSCP_47443	NA	80758	PRR7	0.1557	0.7745
LINCSCP_47443	NA	29911	HOOK2	0.1668	0.7768
LINCSCP_47443	NA	230	ALDOC	-0.1534	0.7769
LINCSCP_47443	NA	9097	USP14	-0.285	0.7777
LINCSCP_47443	NA	5921	RASA1	-0.1559	0.7914
LINCSCP_47443	NA	93594	TBC1D31	-0.1871	0.7943
LINCSCP_47443	NA	11065	UBE2C	-0.2106	0.7966
LINCSCP_47443	NA	23097	CDK19	0.1587	0.8013
LINCSCP_47443	NA	57019	CIAPIN1	-0.1066	0.8215
LINCSCP_47443	NA	8553	BHLHE40	0.187	0.8262
LINCSCP_47443	NA	10898	CPSF4	0.1125	0.8268
LINCSCP_47443	NA	23522	KAT6B	0.1791	0.8278
LINCSCP_47443	NA	3385	ICAM3	-0.0984	0.8339
LINCSCP_47443	NA	5720	PSME1	0.204	0.8379
LINCSCP_47443	NA	5743	PTGS2	0.1774	0.8406
LINCSCP_47443	NA	26054	SENP6	-0.1223	0.8425
LINCSCP_47443	NA	10153	CEBPZ	-0.0936	0.8483
LINCSCP_47443	NA	595	CCND1	-0.0846	0.8548
LINCSCP_47443	NA	9761	MLEC	-0.1109	0.8751
LINCSCP_47443	NA	2356	FPGS	-0.0864	0.8756
LINCSCP_47443	NA	9217	VAPB	-0.1137	0.8758
LINCSCP_47443	NA	351	APP	-0.0844	0.8794
LINCSCP_47443	NA	6599	SMARCC1	0.1026	0.8801
LINCSCP_47443	NA	868	CBLB	-0.1214	0.8864
LINCSCP_47443	NA	644	BLVRA	-0.0663	0.887
LINCSCP_47443	NA	1027	CDKN1B	-0.1135	0.8888
LINCSCP_47443	NA	4891	SLC11A2	-0.1238	0.8899
LINCSCP_47443	NA	3162	HMOX1	0.0617	0.8941
LINCSCP_47443	NA	4638	MYLK	0.0564	0.9079
LINCSCP_47443	NA	4067	LYN	0.1272	0.9089
LINCSCP_47443	NA	9143	SYNGR3	-0.0707	0.9236
LINCSCP_47443	NA	4172	MCM3	-0.0737	0.9248
LINCSCP_47443	NA	902	CCNH	0.0499	0.9323
LINCSCP_47443	NA	6193	RPS5	-0.0504	0.9348
LINCSCP_47443	NA	26136	TES	0.0518	0.9387
LINCSCP_47443	NA	80212	CCDC92	-0.0322	0.947
LINCSCP_47443	NA	54957	TXNL4B	-0.026	0.9554
LINCSCP_47443	NA	9702	CEP57	0.0337	0.9583
LINCSCP_47443	NA	207	AKT1	0.0328	0.9661
LINCSCP_47443	NA	8480	RAE1	-0.0352	0.9712
LINCSCP_47443	NA	10270	AKAP8	0.0151	0.9746
